{
  "f": [
    5690049073.157344,
    7713494.96049624
  ],
  "kc": [
    0.04882183596005866,
    0.47283306893573335
  ],
  "ki": [
    3836610.719017,
    15810223.122941483
  ],
  "k": [
    3836610.7678388357,
    15810223.595774552
  ],
  "offset": [
    2.372960716339551e-07,
    5.878127263196366e-06
  ],
  "slope": [
    -2.908350405580136e-17,
    1.030244444501048e-15
  ],
  "x_data": [
    5690000000.0,
    5690100000.0,
    5690200000.0,
    5690300000.0,
    5690400000.0,
    5690500000.0,
    5690600000.0,
    5690700000.0,
    5690800000.0,
    5690900000.0,
    5691000000.0,
    5691100000.0,
    5691200000.0,
    5691300000.0,
    5691400000.0,
    5691500000.0,
    5691600000.0,
    5691700000.0,
    5691800000.0,
    5691900000.0,
    5692000000.0,
    5692100000.0,
    5692200000.0,
    5692300000.0,
    5692400000.0,
    5692500000.0,
    5692600000.0,
    5692700000.0,
    5692800000.0,
    5692900000.0,
    5693000000.0,
    5693100000.0,
    5693200000.0,
    5693300000.0,
    5693400000.0,
    5693500000.0,
    5693600000.0,
    5693700000.0,
    5693800000.0,
    5693900000.0,
    5694000000.0,
    5694100000.0,
    5694200000.0,
    5694300000.0,
    5694400000.0,
    5694500000.0,
    5694600000.0,
    5694700000.0,
    5694800000.0,
    5694900000.0,
    5695000000.0,
    5695100000.0,
    5695200000.0,
    5695300000.0,
    5695400000.0,
    5695500000.0,
    5695600000.0,
    5695700000.0,
    5695800000.0,
    5695900000.0,
    5696000000.0,
    5696100000.0,
    5696200000.0,
    5696300000.0,
    5696400000.0,
    5696500000.0,
    5696600000.0,
    5696700000.0,
    5696800000.0,
    5696900000.0,
    5697000000.0,
    5697100000.0,
    5697200000.0,
    5697300000.0,
    5697400000.0,
    5697500000.0,
    5697600000.0,
    5697700000.0,
    5697800000.0,
    5697900000.0,
    5698000000.0,
    5698100000.0,
    5698200000.0,
    5698300000.0,
    5698400000.0,
    5698500000.0,
    5698600000.0,
    5698700000.0,
    5698800000.0,
    5698900000.0,
    5699000000.0,
    5699100000.0,
    5699200000.0,
    5699300000.0,
    5699400000.0,
    5699500000.0,
    5699600000.0,
    5699700000.0,
    5699800000.0,
    5699900000.0,
    5700000000.0,
    5700100000.0,
    5700200000.0,
    5700300000.0,
    5700400000.0,
    5700500000.0,
    5700600000.0,
    5700700000.0,
    5700800000.0,
    5700900000.0,
    5701000000.0,
    5701100000.0,
    5701200000.0,
    5701300000.0,
    5701400000.0,
    5701500000.0,
    5701600000.0,
    5701700000.0,
    5701800000.0,
    5701900000.0,
    5702000000.0,
    5702100000.0,
    5702200000.0,
    5702300000.0,
    5702400000.0,
    5702500000.0,
    5702600000.0,
    5702700000.0,
    5702800000.0,
    5702900000.0,
    5703000000.0,
    5703100000.0,
    5703200000.0,
    5703300000.0,
    5703400000.0,
    5703500000.0,
    5703600000.0,
    5703700000.0,
    5703800000.0,
    5703900000.0,
    5704000000.0,
    5704100000.0,
    5704200000.0,
    5704300000.0,
    5704400000.0,
    5704500000.0,
    5704600000.0,
    5704700000.0,
    5704800000.0,
    5704900000.0,
    5705000000.0,
    5705100000.0,
    5705200000.0,
    5705300000.0,
    5705400000.0,
    5705500000.0,
    5705600000.0,
    5705700000.0,
    5705800000.0,
    5705900000.0,
    5706000000.0,
    5706100000.0,
    5706200000.0,
    5706300000.0,
    5706400000.0,
    5706500000.0,
    5706600000.0,
    5706700000.0,
    5706800000.0,
    5706900000.0,
    5707000000.0,
    5707100000.0,
    5707200000.0,
    5707300000.0,
    5707400000.0,
    5707500000.0,
    5707600000.0,
    5707700000.0,
    5707800000.0,
    5707900000.0,
    5708000000.0,
    5708100000.0,
    5708200000.0,
    5708300000.0,
    5708400000.0,
    5708500000.0,
    5708600000.0,
    5708700000.0,
    5708800000.0,
    5708900000.0,
    5709000000.0,
    5709100000.0,
    5709200000.0,
    5709300000.0,
    5709400000.0,
    5709500000.0,
    5709600000.0,
    5709700000.0,
    5709800000.0,
    5709900000.0,
    5710000000.0
  ],